Year_Coll,num_samples,Borough_broad,neighb_code,Neighb_Name,epa_pb_lim,pct_1d_pb_over_epa,num_1d_pb_over_epa,max_1d_pb,min_1d_pb,avg_1d_pb,med_1d_pb,range_1d_pb,med_1d_pb_diff_epa,avg_1d_pb_diff_epa,pct_2d_pb_over_epa,max_2d_pb,min_2d_pb,avg_2d_pb,med_2d_pb,range_2d_pb,med_2d_pb_diff_epa,avg_2d_pb_diff_epa
2014,18,Queens,404,Bayside - Little Neck,0.015,0,0,0.000,0.000,0.0,0.0,0.0,-0.015,-0.015,5,0.027,,0.002888888888888889,0.0,0.027,-0.015,-0.01211111111111111
2015,14,Queens,404,Bayside - Little Neck,0.015,0,0,0.000,0.000,0.0,0.0,0.0,-0.015,-0.015,14,0.025,0.000,0.0055000000000000005,0.0015,0.025,-0.0135,-0.009499999999999998
2016,53,Queens,404,Bayside - Little Neck,0.015,0,0,0.000,0.000,0.0,0.0,0.0,-0.015,-0.015,1,0.020,0.000,0.0008679245283018868,0.0,0.02,-0.015,-0.014132075471698112
2017,41,Queens,404,Bayside - Little Neck,0.015,0,0,0.000,0.000,0.0,0.0,0.0,-0.015,-0.015,0,0.008,0.000,0.0005365853658536587,0.0,0.008,-0.015,-0.01446341463414634
2018,35,Queens,404,Bayside - Little Neck,0.015,0,0,0.000,0.000,0.0,0.0,0.0,-0.015,-0.015,0,0.007,0.000,0.0006000000000000002,0.0,0.007,-0.015,-0.0144
2019,27,Queens,404,Bayside - Little Neck,0.015,0,0,0.000,0.000,0.0,0.0,0.0,-0.015,-0.015,0,0.008,0.000,0.0005185185185185185,0.0,0.008,-0.015,-0.01448148148148148
2020,32,Queens,404,Bayside - Little Neck,0.015,0,0,0.000,0.000,0.0,0.0,0.0,-0.015,-0.015,0,0.010,0.000,0.0012187500000000002,0.0,0.01,-0.015,-0.013781249999999998
2014,50,Brooklyn,203,Bedford Stuyvesant - Crown Heights,0.015,0,0,0.007,0.003,0.003320000000000002,0.003,0.004,-0.012,-0.011679999999999998,6,0.037,0.000,0.00202,0.0,0.037,-0.015,-0.012979999999999998
2015,60,Brooklyn,203,Bedford Stuyvesant - Crown Heights,0.015,0,0,0.006,0.002,0.0032000000000000023,0.003,0.004,-0.012,-0.011799999999999998,8,0.032,0.000,0.003433333333333334,0.0,0.032,-0.015,-0.011566666666666666
2016,291,Brooklyn,203,Bedford Stuyvesant - Crown Heights,0.015,0,0,0.007,0.001,0.0025120274914089366,0.002,0.006,-0.013,-0.012487972508591063,1,0.037,0.000,0.001333333333333334,0.0,0.037,-0.015,-0.013666666666666666
2017,209,Brooklyn,203,Bedford Stuyvesant - Crown Heights,0.015,0,0,0.007,0.001,0.001732057416267944,0.001,0.006,-0.013999999999999999,-0.013267942583732055,2,0.049,0.000,0.001588516746411484,0.0,0.049,-0.015,-0.013411483253588515
2018,263,Brooklyn,203,Bedford Stuyvesant - Crown Heights,0.015,0,0,0.007,0.000,0.0014828897338403052,0.001,0.007,-0.013999999999999999,-0.013517110266159694,2,0.067,0.000,0.001539923954372624,0.0,0.067,-0.015,-0.013460076045627375
2019,255,Brooklyn,203,Bedford Stuyvesant - Crown Heights,0.015,0,0,0.007,0.000,0.0010078431372549023,0.0,0.007,-0.015,-0.013992156862745096,3,0.042,0.000,0.0015607843137254906,0.0,0.042,-0.015,-0.013439215686274509
2020,182,Brooklyn,203,Bedford Stuyvesant - Crown Heights,0.015,0,0,0.006,0.000,0.0008406593406593411,0.0,0.006,-0.015,-0.014159340659340658,2,0.036,0.000,0.001307692307692308,0.0,0.036,-0.015,-0.013692307692307691
2014,21,Brooklyn,209,Bensonhurst - Bay Ridge,0.015,0,0,0.006,0.003,0.003523809523809524,0.003,0.003,-0.012,-0.011476190476190475,9,0.033,0.000,0.0031904761904761906,0.0,0.033,-0.015,-0.011809523809523808
2015,38,Brooklyn,209,Bensonhurst - Bay Ridge,0.015,0,0,0.007,0.002,0.0031842105263157915,0.003,0.005,-0.012,-0.011815789473684208,7,0.057,0.000,0.0044736842105263155,0.0,0.057,-0.015,-0.010526315789473684
2016,115,Brooklyn,209,Bensonhurst - Bay Ridge,0.015,0,0,0.006,0.001,0.0026695652173913064,0.002,0.005,-0.013,-0.012330434782608693,6,0.030,0.000,0.0023217391304347834,0.0,0.03,-0.015,-0.012678260869565215
2017,152,Brooklyn,209,Bensonhurst - Bay Ridge,0.015,0,0,0.007,0.001,0.00199342105263158,0.001,0.006,-0.013999999999999999,-0.01300657894736842,6,0.150,0.000,0.0035065789473684218,0.0,0.15,-0.015,-0.011493421052631578
2018,85,Brooklyn,209,Bensonhurst - Bay Ridge,0.015,0,0,0.007,0.000,0.001988235294117648,0.001,0.007,-0.013999999999999999,-0.013011764705882351,9,0.077,0.000,0.0046588235294117665,0.0,0.077,-0.015,-0.010341176470588232
2019,107,Brooklyn,209,Bensonhurst - Bay Ridge,0.015,0,0,0.006,0.000,0.0007757009345794394,0.0,0.006,-0.015,-0.01422429906542056,0,0.014,0.000,0.0008130841121495328,0.0,0.014,-0.015,-0.014186915887850466
2020,65,Brooklyn,209,Bensonhurst - Bay Ridge,0.015,0,0,0.007,0.000,0.0010461538461538462,0.0,0.007,-0.015,-0.013953846153846153,9,0.038,0.000,0.0034000000000000002,0.0,0.038,-0.015,-0.0116
2014,32,Brooklyn,206,Borough Park,0.015,0,0,0.007,0.003,0.003593750000000002,0.003,0.004,-0.012,-0.011406249999999998,6,0.043,0.000,0.00325,0.0,0.043,-0.015,-0.01175
2015,55,Brooklyn,206,Borough Park,0.015,0,0,0.007,0.002,0.0031454545454545476,0.003,0.005,-0.012,-0.011854545454545451,7,0.040,0.000,0.0033272727272727278,0.0,0.04,-0.015,-0.011672727272727272
2016,157,Brooklyn,206,Borough Park,0.015,0,0,0.006,0.000,0.0024968152866242056,0.002,0.006,-0.013,-0.012503184713375793,3,0.032,,0.0015477707006369432,0.0,0.032,-0.015,-0.013452229299363056
2017,122,Brooklyn,206,Borough Park,0.015,0,0,0.006,0.001,0.001696721311475411,0.001,0.005,-0.013999999999999999,-0.013303278688524588,1,0.021,0.000,0.0010491803278688528,0.0,0.021,-0.015,-0.013950819672131147
2018,142,Brooklyn,206,Borough Park,0.015,0,0,0.006,0.000,0.0010704225352112682,0.001,0.006,-0.013999999999999999,-0.01392957746478873,1,0.018,0.000,0.00073943661971831,0.0,0.018,-0.015,-0.01426056338028169
2019,170,Brooklyn,206,Borough Park,0.015,0,0,0.007,0.000,0.0007000000000000002,0.0,0.007,-0.015,-0.014299999999999998,2,0.051,0.000,0.0013000000000000004,0.0,0.051,-0.015,-0.013699999999999999
2020,146,Brooklyn,206,Borough Park,0.015,0,0,0.007,0.000,0.0007397260273972607,0.0,0.007,-0.015,-0.014260273972602738,1,0.042,0.000,0.000979452054794521,0.0,0.042,-0.015,-0.014020547945205478
2014,17,Brooklyn,208,Canarsie - Flatlands,0.015,0,0,0.005,0.003,0.0036470588235294134,0.003,0.002,-0.012,-0.011352941176470586,0,0.009,0.000,0.002235294117647059,0.0,0.009,-0.015,-0.01276470588235294
2015,10,Brooklyn,208,Canarsie - Flatlands,0.015,0,0,0.005,0.002,0.0033,0.003,0.003,-0.012,-0.011699999999999999,0,0.010,0.000,0.0020000000000000005,0.0,0.01,-0.015,-0.013
2016,67,Brooklyn,208,Canarsie - Flatlands,0.015,0,0,0.007,0.002,0.0028955223880597026,0.002,0.005,-0.013,-0.012104477611940296,5,0.043,0.000,0.003641791044776121,0.0,0.043,-0.015,-0.011358208955223879
2017,37,Brooklyn,208,Canarsie - Flatlands,0.015,0,0,0.006,0.001,0.0022162162162162173,0.001,0.005,-0.013999999999999999,-0.012783783783783783,8,0.026,0.000,0.0032972972972972973,0.0,0.026,-0.015,-0.011702702702702702
2018,37,Brooklyn,208,Canarsie - Flatlands,0.015,0,0,0.007,0.000,0.002351351351351352,0.001,0.007,-0.013999999999999999,-0.012648648648648647,18,0.093,0.000,0.010135135135135136,0.0,0.093,-0.015,-0.004864864864864864
2019,37,Brooklyn,208,Canarsie - Flatlands,0.015,0,0,0.007,0.000,0.0013513513513513519,0.0,0.007,-0.015,-0.013648648648648648,5,0.036,0.000,0.0025135135135135136,0.0,0.036,-0.015,-0.012486486486486486
2020,34,Brooklyn,208,Canarsie - Flatlands,0.015,0,0,0.007,0.000,0.0015,0.0,0.007,-0.015,-0.0135,11,0.082,0.000,0.006235294117647059,0.0,0.082,-0.015,-0.00876470588235294
2014,16,Manhattan,302,Central Harlem - Morningside Heights,0.015,0,0,0.000,0.000,0.0,0.0,0.0,-0.015,-0.015,0,0.003,0.000,0.0001875,0.0,0.003,-0.015,-0.0148125
2015,20,Manhattan,302,Central Harlem - Morningside Heights,0.015,0,0,0.000,0.000,0.0,0.0,0.0,-0.015,-0.015,0,0.004,0.000,0.00030000000000000003,0.0,0.004,-0.015,-0.0147
2016,170,Manhattan,302,Central Harlem - Morningside Heights,0.015,0,0,0.000,0.000,0.0,0.0,0.0,-0.015,-0.015,0,0.012,,0.0003823529411764706,0.0,0.012,-0.015,-0.014617647058823529
2017,86,Manhattan,302,Central Harlem - Morningside Heights,0.015,0,0,0.000,0.000,0.0,0.0,0.0,-0.015,-0.015,0,0.013,0.000,0.0003372093023255814,0.0,0.013,-0.015,-0.014662790697674418
2018,117,Manhattan,302,Central Harlem - Morningside Heights,0.015,0,0,0.000,0.000,0.0,0.0,0.0,-0.015,-0.015,0,0.007,0.000,0.0003504273504273505,0.0,0.007,-0.015,-0.014649572649572649
2019,159,Manhattan,302,Central Harlem - Morningside Heights,0.015,0,0,0.000,0.000,0.0,0.0,0.0,-0.015,-0.015,0,0.011,0.000,0.00014465408805031446,0.0,0.011,-0.015,-0.014855345911949685
2020,83,Manhattan,302,Central Harlem - Morningside Heights,0.015,0,0,0.000,0.000,0.0,0.0,0.0,-0.015,-0.015,0,0.011,0.000,0.0004578313253012048,0.0,0.011,-0.015,-0.014542168674698795
2014,28,Manhattan,306,Chelsea - Clinton,0.015,0,0,0.000,0.000,0.0,0.0,0.0,-0.015,-0.015,3,0.076,0.000,0.0030714285714285713,0.0,0.076,-0.015,-0.011928571428571427
2015,35,Manhattan,306,Chelsea - Clinton,0.015,0,0,0.000,0.000,0.0,0.0,0.0,-0.015,-0.015,0,0.002,0.000,5.714285714285714e-05,0.0,0.002,-0.015,-0.014942857142857143
2016,236,Manhattan,306,Chelsea - Clinton,0.015,0,0,0.000,0.000,0.0,0.0,0.0,-0.015,-0.015,0,0.020,0.000,0.00027542372881355937,0.0,0.02,-0.015,-0.01472457627118644
2017,118,Manhattan,306,Chelsea - Clinton,0.015,0,0,0.000,0.000,0.0,0.0,0.0,-0.015,-0.015,0,0.067,0.000,0.0007203389830508476,0.0,0.067,-0.015,-0.014279661016949151
2018,110,Manhattan,306,Chelsea - Clinton,0.015,0,0,0.000,0.000,0.0,0.0,0.0,-0.015,-0.015,0,0.012,0.000,0.00040000000000000013,0.0,0.012,-0.015,-0.0146
2019,124,Manhattan,306,Chelsea - Clinton,0.015,0,0,0.000,0.000,0.0,0.0,0.0,-0.015,-0.015,0,0.005,0.000,0.00014516129032258066,0.0,0.005,-0.015,-0.014854838709677418
2020,112,Manhattan,306,Chelsea - Clinton,0.015,0,0,0.000,0.000,0.0,0.0,0.0,-0.015,-0.015,0,0.013,0.000,0.0004017857142857144,0.0,0.013,-0.015,-0.014598214285714286
2014,26,Brooklyn,210,Coney Island - Sheepshead Bay,0.015,0,0,0.007,0.003,0.004076923076923079,0.003,0.004,-0.012,-0.01092307692307692,19,0.046,0.000,0.007423076923076925,0.0,0.046,-0.015,-0.007576923076923075
2015,31,Brooklyn,210,Coney Island - Sheepshead Bay,0.015,0,0,0.007,0.002,0.0031290322580645176,0.003,0.005,-0.012,-0.011870967741935481,6,0.046,0.000,0.0038709677419354847,0.0,0.046,-0.015,-0.011129032258064515
2016,119,Brooklyn,210,Coney Island - Sheepshead Bay,0.015,0,0,0.007,0.001,0.0025798319327731112,0.002,0.006,-0.013,-0.012420168067226888,6,0.150,0.000,0.0036806722689075636,0.0,0.15,-0.015,-0.011319327731092435
2017,65,Brooklyn,210,Coney Island - Sheepshead Bay,0.015,0,0,0.006,0.001,0.0016923076923076933,0.001,0.005,-0.013999999999999999,-0.013307692307692307,4,0.031,0.000,0.0019230769230769232,0.0,0.031,-0.015,-0.013076923076923076
2018,69,Brooklyn,210,Coney Island - Sheepshead Bay,0.015,0,0,0.007,0.000,0.0015797101449275368,0.001,0.007,-0.013999999999999999,-0.013420289855072463,1,0.056,0.000,0.0018840579710144932,0.0,0.056,-0.015,-0.013115942028985507
2019,87,Brooklyn,210,Coney Island - Sheepshead Bay,0.015,0,0,0.006,0.000,0.0008045977011494254,0.0,0.006,-0.015,-0.014195402298850574,1,0.016,0.000,0.0010459770114942533,0.0,0.016,-0.015,-0.013954022988505746
2020,90,Brooklyn,210,Coney Island - Sheepshead Bay,0.015,0,0,0.007,0.000,0.001422222222222223,0.0,0.007,-0.015,-0.013577777777777777,6,0.038,0.000,0.002855555555555556,0.0,0.038,-0.015,-0.012144444444444444
2016,30,Bronx,105,Crotona - Tremont,0.015,100,30,0.189,0.019,0.03946666666666666,0.0225,0.17,0.0075,0.024466666666666657,0,0.007,0.000,0.0005,0.0,0.007,-0.015,-0.014499999999999999
2017,19,Bronx,105,Crotona - Tremont,0.015,47,9,0.018,0.013,0.015421052631578952,0.015,0.004999999999999999,0.0,0.0004210526315789522,0,0.000,0.000,0.0,0.0,0.0,-0.015,-0.015
2018,15,Bronx,105,Crotona - Tremont,0.015,6,1,0.063,0.010,0.014866666666666669,0.011,0.053,-0.004,-0.0001333333333333308,0,0.001,0.000,6.666666666666667e-05,0.0,0.001,-0.015,-0.014933333333333333
2019,36,Bronx,105,Crotona - Tremont,0.015,5,2,0.370,0.008,0.019888888888888893,0.008,0.362,-0.006999999999999999,0.004888888888888894,0,0.012,0.000,0.00036111111111111115,0.0,0.012,-0.015,-0.014638888888888889
2020,15,Bronx,105,Crotona - Tremont,0.015,13,2,0.169,0.007,0.021400000000000006,0.007,0.162,-0.008,0.006400000000000006,0,0.006,0.000,0.00046666666666666666,0.0,0.006,-0.015,-0.014533333333333332
2014,121,Brooklyn,202,Downtown - Heights - Park Slope,0.015,0,0,0.007,0.003,0.0034380165289256224,0.003,0.004,-0.012,-0.011561983471074377,2,0.052,0.000,0.0021157024793388435,0.0,0.052,-0.015,-0.012884297520661156
2015,143,Brooklyn,202,Downtown - Heights - Park Slope,0.015,0,0,0.005,0.002,0.0028181818181818204,0.003,0.003,-0.012,-0.012181818181818179,0,0.009,0.000,0.0006643356643356646,0.0,0.009,-0.015,-0.014335664335664335
2016,588,Brooklyn,202,Downtown - Heights - Park Slope,0.015,0,0,0.007,0.000,0.0023452380952380947,0.002,0.007,-0.013,-0.012654761904761905,1,0.389,,0.0014234693877551025,0.0,0.389,-0.015,-0.013576530612244897
2017,392,Brooklyn,202,Downtown - Heights - Park Slope,0.015,0,0,0.007,0.000,0.0014872448979591846,0.001,0.007,-0.013999999999999999,-0.013512755102040815,2,0.281,,0.0016938775510204089,0.0,0.281,-0.015,-0.01330612244897959
2018,417,Brooklyn,202,Downtown - Heights - Park Slope,0.015,0,0,0.007,0.000,0.0012062350119904084,0.001,0.007,-0.013999999999999999,-0.01379376498800959,0,0.637,0.000,0.0023381294964028784,0.0,0.637,-0.015,-0.012661870503597121
2019,412,Brooklyn,202,Downtown - Heights - Park Slope,0.015,0,0,0.006,0.000,0.00075242718446602,0.0,0.006,-0.015,-0.014247572815533979,0,0.033,0.000,0.0008713592233009714,0.0,0.033,-0.015,-0.014128640776699028
2020,312,Brooklyn,202,Downtown - Heights - Park Slope,0.015,0,0,0.006,0.000,0.0006185897435897438,0.0,0.006,-0.015,-0.014381410256410255,0,0.029,0.000,0.0006634615384615387,0.0,0.029,-0.015,-0.014336538461538461
2014,38,Brooklyn,207,East Flatbush - Flatbush,0.015,0,0,0.007,0.003,0.0036315789473684227,0.003,0.004,-0.012,-0.011368421052631576,7,0.173,0.000,0.007263157894736843,0.0,0.173,-0.015,-0.0077368421052631565
2015,40,Brooklyn,207,East Flatbush - Flatbush,0.015,0,0,0.006,0.002,0.0031500000000000013,0.003,0.004,-0.012,-0.011849999999999998,7,0.035,0.000,0.0032500000000000003,0.0,0.035,-0.015,-0.01175
2016,159,Brooklyn,207,East Flatbush - Flatbush,0.015,0,0,0.006,0.000,0.0025660377358490585,0.002,0.006,-0.013,-0.01243396226415094,1,0.022,,0.0011194968553459121,0.0,0.022,-0.015,-0.013880503144654088
2017,143,Brooklyn,207,East Flatbush - Flatbush,0.015,0,0,0.006,0.001,0.0016013986013986025,0.001,0.005,-0.013999999999999999,-0.013398601398601396,2,0.031,0.000,0.001097902097902098,0.0,0.031,-0.015,-0.013902097902097902
2018,180,Brooklyn,207,East Flatbush - Flatbush,0.015,0,0,0.006,0.000,0.001083333333333334,0.001,0.006,-0.013999999999999999,-0.013916666666666666,0,0.022,0.000,0.0005333333333333335,0.0,0.022,-0.015,-0.014466666666666666
2019,169,Brooklyn,207,East Flatbush - Flatbush,0.015,0,0,0.007,0.000,0.0010887573964497045,0.0,0.007,-0.015,-0.013911242603550296,4,0.080,0.000,0.0028224852071005928,0.0,0.08,-0.015,-0.012177514792899406
2020,143,Brooklyn,207,East Flatbush - Flatbush,0.015,0,0,0.006,0.000,0.0010209790209790215,0.0,0.006,-0.015,-0.013979020979020977,0,0.019,0.000,0.00120979020979021,0.0,0.019,-0.015,-0.01379020979020979
2015,11,Manhattan,303,East Harlem,0.015,0,0,0.000,0.000,0.0,0.0,0.0,-0.015,-0.015,0,0.000,0.000,0.0,0.0,0.0,-0.015,-0.015
2016,76,Manhattan,303,East Harlem,0.015,0,0,0.000,0.000,0.0,0.0,0.0,-0.015,-0.015,0,0.003,0.000,3.9473684210526316e-05,0.0,0.003,-0.015,-0.014960526315789473
2017,23,Manhattan,303,East Harlem,0.015,0,0,0.000,0.000,0.0,0.0,0.0,-0.015,-0.015,0,0.000,0.000,0.0,0.0,0.0,-0.015,-0.015
2018,35,Manhattan,303,East Harlem,0.015,0,0,0.000,0.000,0.0,0.0,0.0,-0.015,-0.015,0,0.002,0.000,5.714285714285714e-05,0.0,0.002,-0.015,-0.014942857142857143
2019,25,Manhattan,303,East Harlem,0.015,0,0,0.000,0.000,0.0,0.0,0.0,-0.015,-0.015,0,0.002,0.000,8e-05,0.0,0.002,-0.015,-0.01492
2020,18,Manhattan,303,East Harlem,0.015,0,0,0.000,0.000,0.0,0.0,0.0,-0.015,-0.015,0,0.000,0.000,0.0,0.0,0.0,-0.015,-0.015
2016,33,Brooklyn,204,East New York,0.015,0,0,0.004,0.001,0.002181818181818183,0.002,0.003,-0.013,-0.012818181818181815,0,0.004,0.000,0.0003030303030303031,0.0,0.004,-0.015,-0.014696969696969696
2017,26,Brooklyn,204,East New York,0.015,0,0,0.007,0.001,0.0018076923076923085,0.001,0.006,-0.013999999999999999,-0.01319230769230769,3,0.098,0.000,0.004692307692307693,0.0,0.098,-0.015,-0.010307692307692306
2018,28,Brooklyn,204,East New York,0.015,0,0,0.006,0.000,0.001571428571428572,0.001,0.006,-0.013999999999999999,-0.013428571428571427,0,0.015,0.000,0.0011071428571428573,0.0,0.015,-0.015,-0.013892857142857143
2019,41,Brooklyn,204,East New York,0.015,0,0,0.005,0.000,0.0005365853658536585,0.0,0.005,-0.015,-0.01446341463414634,0,0.010,0.000,0.0007073170731707318,0.0,0.01,-0.015,-0.014292682926829267
2020,38,Brooklyn,204,East New York,0.015,0,0,0.003,0.000,0.0005526315789473684,0.0,0.003,-0.015,-0.01444736842105263,0,0.002,0.000,0.00034210526315789477,0.0,0.002,-0.015,-0.014657894736842104
2014,19,Queens,403,Flushing - Clearview,0.015,0,0,0.000,0.000,0.0,0.0,0.0,-0.015,-0.015,5,0.018,0.000,0.0019999999999999996,0.0,0.018,-0.015,-0.013
2015,23,Queens,403,Flushing - Clearview,0.015,0,0,0.000,0.000,0.0,0.0,0.0,-0.015,-0.015,13,0.035,,0.004478260869565218,0.0,0.035,-0.015,-0.010521739130434781
2016,88,Queens,403,Flushing - Clearview,0.015,0,0,0.000,0.000,0.0,0.0,0.0,-0.015,-0.015,4,0.149,,0.0033181818181818186,0.0,0.149,-0.015,-0.01168181818181818
2017,56,Queens,403,Flushing - Clearview,0.015,0,0,0.000,0.000,0.0,0.0,0.0,-0.015,-0.015,1,0.883,0.000,0.016839285714285716,0.0,0.883,-0.015,0.001839285714285717
2018,57,Queens,403,Flushing - Clearview,0.015,0,0,0.000,0.000,0.0,0.0,0.0,-0.015,-0.015,5,0.079,0.000,0.0028947368421052633,0.0,0.079,-0.015,-0.012105263157894737
2019,60,Queens,403,Flushing - Clearview,0.015,0,0,0.000,0.000,0.0,0.0,0.0,-0.015,-0.015,8,0.034,0.000,0.0021,0.0,0.034,-0.015,-0.0129
2020,66,Queens,403,Flushing - Clearview,0.015,0,0,0.000,0.000,0.0,0.0,0.0,-0.015,-0.015,6,0.041,0.000,0.003515151515151516,0.0,0.041,-0.015,-0.011484848484848483
2015,11,Bronx,103,Fordham - Bronx Park,0.015,100,11,0.121,0.040,0.05036363636363636,0.044,0.08099999999999999,0.028999999999999998,0.03536363636363636,0,0.003,0.000,0.00027272727272727274,0.0,0.003,-0.015,-0.014727272727272726
2016,46,Bronx,103,Fordham - Bronx Park,0.015,100,46,2.766,0.019,0.13799999999999998,0.025,2.747,0.010000000000000002,0.12299999999999998,4,0.026,0.000,0.0013043478260869564,0.0,0.026,-0.015,-0.013695652173913043
2017,38,Bronx,103,Fordham - Bronx Park,0.015,44,17,15.082,0.013,0.4138157894736841,0.014,15.069,-0.0009999999999999992,0.39881578947368407,2,0.086,0.000,0.0023421052631578945,0.0,0.086,-0.015,-0.012657894736842104
2018,34,Bronx,103,Fordham - Bronx Park,0.015,2,1,0.062,0.010,0.012882352941176475,0.011,0.052,-0.004,-0.0021176470588235245,0,0.001,0.000,2.9411764705882354e-05,0.0,0.001,-0.015,-0.014970588235294117
2019,57,Bronx,103,Fordham - Bronx Park,0.015,8,5,15.483,0.008,0.28826315789473655,0.008,15.475000000000001,-0.006999999999999999,0.27326315789473654,1,0.463,0.000,0.008421052631578947,0.0,0.463,-0.015,-0.006578947368421052
2020,29,Bronx,103,Fordham - Bronx Park,0.015,3,1,0.056,0.007,0.008758620689655177,0.007,0.049,-0.008,-0.006241379310344823,0,0.001,0.000,3.4482758620689657e-05,0.0,0.001,-0.015,-0.01496551724137931
2016,54,Queens,406,Fresh Meadows,0.015,0,0,0.000,0.000,0.0,0.0,0.0,-0.015,-0.015,1,0.021,0.000,0.0005925925925925926,0.0,0.021,-0.015,-0.014407407407407407
2017,31,Queens,406,Fresh Meadows,0.015,0,0,0.000,0.000,0.0,0.0,0.0,-0.015,-0.015,3,0.017,0.000,0.0007419354838709677,0.0,0.017,-0.015,-0.014258064516129031
2018,17,Queens,406,Fresh Meadows,0.015,0,0,0.000,0.000,0.0,0.0,0.0,-0.015,-0.015,0,0.000,0.000,0.0,0.0,0.0,-0.015,-0.015
2019,39,Queens,406,Fresh Meadows,0.015,0,0,0.000,0.000,0.0,0.0,0.0,-0.015,-0.015,0,0.001,0.000,5.1282051282051286e-05,0.0,0.001,-0.015,-0.014948717948717948
2020,32,Queens,406,Fresh Meadows,0.015,0,0,0.000,0.000,0.0,0.0,0.0,-0.015,-0.015,0,0.001,0.000,9.375e-05,0.0,0.001,-0.015,-0.01490625
2014,27,Manhattan,307,Gramercy Park - Murray Hill,0.015,0,0,0.000,0.000,0.0,0.0,0.0,-0.015,-0.015,0,0.005,0.000,0.00037037037037037046,0.0,0.005,-0.015,-0.01462962962962963
2015,27,Manhattan,307,Gramercy Park - Murray Hill,0.015,0,0,0.000,0.000,0.0,0.0,0.0,-0.015,-0.015,0,0.001,,3.7037037037037037e-05,0.0,0.001,-0.015,-0.014962962962962963
2016,153,Manhattan,307,Gramercy Park - Murray Hill,0.015,0,0,0.000,0.000,0.0,0.0,0.0,-0.015,-0.015,0,0.005,0.000,0.00018954248366013075,0.0,0.005,-0.015,-0.01481045751633987
2017,114,Manhattan,307,Gramercy Park - Murray Hill,0.015,0,0,0.000,0.000,0.0,0.0,0.0,-0.015,-0.015,0,0.024,0.000,0.0005701754385964914,0.0,0.024,-0.015,-0.014429824561403508
2018,87,Manhattan,307,Gramercy Park - Murray Hill,0.015,0,0,0.000,0.000,0.0,0.0,0.0,-0.015,-0.015,1,0.039,0.000,0.000471264367816092,0.0,0.039,-0.015,-0.014528735632183907
2019,107,Manhattan,307,Gramercy Park - Murray Hill,0.015,0,0,0.000,0.000,0.0,0.0,0.0,-0.015,-0.015,0,0.009,0.000,0.00015887850467289721,0.0,0.009,-0.015,-0.014841121495327103
2020,90,Manhattan,307,Gramercy Park - Murray Hill,0.015,0,0,0.000,0.000,0.0,0.0,0.0,-0.015,-0.015,0,0.008,0.000,0.00020000000000000004,0.0,0.008,-0.015,-0.014799999999999999
2014,27,Brooklyn,201,Greenpoint,0.015,0,0,0.005,0.003,0.0031481481481481495,0.003,0.002,-0.012,-0.01185185185185185,0,0.004,0.000,0.00037037037037037046,0.0,0.004,-0.015,-0.01462962962962963
2015,29,Brooklyn,201,Greenpoint,0.015,0,0,0.005,0.002,0.0026551724137931047,0.002,0.003,-0.013,-0.012344827586206895,0,0.007,0.000,0.0006551724137931036,0.0,0.007,-0.015,-0.014344827586206896
2016,146,Brooklyn,201,Greenpoint,0.015,0,0,0.006,0.000,0.0022808219178082206,0.002,0.006,-0.013,-0.012719178082191779,0,0.011,,0.0004863013698630138,0.0,0.011,-0.015,-0.014513698630136986
2017,108,Brooklyn,201,Greenpoint,0.015,0,0,0.005,0.001,0.001250000000000001,0.001,0.004,-0.013999999999999999,-0.013749999999999998,0,0.006,0.000,0.0001944444444444445,0.0,0.006,-0.015,-0.014805555555555554
2018,116,Brooklyn,201,Greenpoint,0.015,0,0,0.007,0.000,0.0012672413793103454,0.001,0.007,-0.013999999999999999,-0.013732758620689654,3,0.661,,0.007155172413793105,0.0,0.661,-0.015,-0.007844827586206894
2019,159,Brooklyn,201,Greenpoint,0.015,0,0,0.006,0.000,0.0004654088050314466,0.0,0.006,-0.015,-0.014534591194968553,0,0.013,0.000,0.0004654088050314466,0.0,0.013,-0.015,-0.014534591194968553
2020,116,Brooklyn,201,Greenpoint,0.015,0,0,0.006,0.000,0.0005689655172413793,0.0,0.006,-0.015,-0.01443103448275862,0,0.014,0.000,0.0006206896551724138,0.0,0.014,-0.015,-0.014379310344827586
2014,29,Manhattan,308,Greenwich Village - SoHo,0.015,0,0,0.000,0.000,0.0,0.0,0.0,-0.015,-0.015,3,0.022,0.000,0.0013103448275862068,0.0,0.022,-0.015,-0.013689655172413794
2015,28,Manhattan,308,Greenwich Village - SoHo,0.015,0,0,0.000,0.000,0.0,0.0,0.0,-0.015,-0.015,7,0.074,0.000,0.004571428571428572,0.0,0.074,-0.015,-0.010428571428571428
2016,146,Manhattan,308,Greenwich Village - SoHo,0.015,0,0,0.000,0.000,0.0,0.0,0.0,-0.015,-0.015,0,0.010,0.000,0.00017808219178082197,0.0,0.01,-0.015,-0.014821917808219178
2017,99,Manhattan,308,Greenwich Village - SoHo,0.015,0,0,0.000,0.000,0.0,0.0,0.0,-0.015,-0.015,1,0.034,0.000,0.0007070707070707072,0.0,0.034,-0.015,-0.014292929292929293
2018,83,Manhattan,308,Greenwich Village - SoHo,0.015,0,0,0.000,0.000,0.0,0.0,0.0,-0.015,-0.015,0,0.006,0.000,0.0003132530120481928,0.0,0.006,-0.015,-0.014686746987951806
2019,88,Manhattan,308,Greenwich Village - SoHo,0.015,0,0,0.000,0.000,0.0,0.0,0.0,-0.015,-0.015,0,0.011,0.000,0.0003977272727272727,0.0,0.011,-0.015,-0.014602272727272728
2020,71,Manhattan,308,Greenwich Village - SoHo,0.015,0,0,0.000,0.000,0.0,0.0,0.0,-0.015,-0.015,0,0.007,0.000,0.0003380281690140845,0.0,0.007,-0.015,-0.014661971830985915
2016,25,Bronx,106,High Bridge - Morrisania,0.015,100,25,0.117,0.019,0.02960000000000001,0.024,0.098,0.009000000000000001,0.014600000000000012,0,0.003,0.000,0.00012,0.0,0.003,-0.015,-0.014879999999999999
2017,26,Bronx,106,High Bridge - Morrisania,0.015,38,10,0.524,0.013,0.03465384615384616,0.015,0.511,0.0,0.01965384615384616,0,0.015,0.000,0.0005769230769230769,0.0,0.015,-0.015,-0.014423076923076922
2018,19,Bronx,106,High Bridge - Morrisania,0.015,0,0,0.013,0.010,0.011263157894736845,0.011,0.002999999999999999,-0.004,-0.0037368421052631547,0,0.000,0.000,0.0,0.0,0.0,-0.015,-0.015
2019,31,Bronx,106,High Bridge - Morrisania,0.015,6,2,0.154,0.008,0.014935483870967747,0.009,0.146,-0.006,-6.451612903225247e-05,0,0.005,0.000,0.0001935483870967742,0.0,0.005,-0.015,-0.014806451612903225
2020,20,Bronx,106,High Bridge - Morrisania,0.015,15,3,0.125,0.007,0.01895,0.007,0.118,-0.008,0.003950000000000002,0,0.004,0.000,0.00035,0.0,0.004,-0.015,-0.01465
2016,18,Bronx,107,Hunts Point - Mott Haven,0.015,100,18,0.947,0.019,0.09338888888888888,0.032,0.9279999999999999,0.017,0.07838888888888888,5,0.018,0.000,0.0015,0.0,0.018,-0.015,-0.0135
2017,16,Bronx,107,Hunts Point - Mott Haven,0.015,25,4,0.018,0.013,0.014687500000000003,0.014499999999999999,0.004999999999999999,-0.0005000000000000004,-0.0003124999999999968,0,0.000,0.000,0.0,0.0,0.0,-0.015,-0.015
2018,17,Bronx,107,Hunts Point - Mott Haven,0.015,5,1,0.082,0.010,0.015058823529411769,0.011,0.07200000000000001,-0.004,5.8823529411769146e-05,0,0.002,0.000,0.00011764705882352942,0.0,0.002,-0.015,-0.01488235294117647
2019,18,Bronx,107,Hunts Point - Mott Haven,0.015,22,4,0.206,0.008,0.036722222222222226,0.0085,0.19799999999999998,-0.006499999999999999,0.021722222222222226,0,0.008,0.000,0.001,0.0,0.008,-0.015,-0.013999999999999999
2020,13,Bronx,107,Hunts Point - Mott Haven,0.015,0,0,0.008,0.007,0.00730769230769231,0.007,0.001,-0.008,-0.007692307692307689,0,0.000,0.000,0.0,0.0,0.0,-0.015,-0.015
2014,11,Queens,408,Jamaica,0.015,0,0,0.000,0.000,0.0,0.0,0.0,-0.015,-0.015,9,0.017,,0.0020909090909090908,0.0,0.017,-0.015,-0.012909090909090908
2015,12,Queens,408,Jamaica,0.015,0,0,0.000,0.000,0.0,0.0,0.0,-0.015,-0.015,16,0.019,0.000,0.0033333333333333335,0.0,0.019,-0.015,-0.011666666666666665
2016,51,Queens,408,Jamaica,0.015,0,0,0.000,0.000,0.0,0.0,0.0,-0.015,-0.015,0,0.009,0.000,0.0007058823529411764,0.0,0.009,-0.015,-0.014294117647058823
2017,43,Queens,408,Jamaica,0.015,0,0,0.000,0.000,0.0,0.0,0.0,-0.015,-0.015,2,0.052,0.000,0.0013488372093023256,0.0,0.052,-0.015,-0.013651162790697674
2018,38,Queens,408,Jamaica,0.015,0,0,0.000,0.000,0.0,0.0,0.0,-0.015,-0.015,0,0.003,0.000,0.0002368421052631579,0.0,0.003,-0.015,-0.014763157894736841
2019,79,Queens,408,Jamaica,0.015,0,0,0.000,0.000,0.0,0.0,0.0,-0.015,-0.015,2,0.042,0.000,0.0013291139240506334,0.0,0.042,-0.015,-0.013670886075949367
2020,81,Queens,408,Jamaica,0.015,0,0,0.000,0.000,0.0,0.0,0.0,-0.015,-0.015,2,1.721,0.000,0.022580246913580248,0.0,1.721,-0.015,0.0075802469135802485
2015,11,Bronx,101,Kingsbridge - Riverdale,0.015,100,11,1.395,0.039,0.17218181818181819,0.046,1.356,0.031,0.1571818181818182,9,0.022,0.000,0.002181818181818182,0.0,0.022,-0.015,-0.012818181818181817
2016,59,Bronx,101,Kingsbridge - Riverdale,0.015,100,59,0.566,0.019,0.048610169491525405,0.028,0.5469999999999999,0.013000000000000001,0.033610169491525406,1,0.016,0.000,0.0006779661016949154,0.0,0.016,-0.015,-0.014322033898305084
2017,33,Bronx,101,Kingsbridge - Riverdale,0.015,54,18,0.327,0.013,0.03727272727272727,0.016,0.314,0.0010000000000000009,0.02227272727272727,0,0.010,0.000,0.000696969696969697,0.0,0.01,-0.015,-0.014303030303030302
2018,66,Bronx,101,Kingsbridge - Riverdale,0.015,10,7,2.826,0.010,0.06892424242424239,0.011,2.8160000000000003,-0.004,0.05392424242424239,1,0.028,0.000,0.0009545454545454546,0.0,0.028,-0.015,-0.014045454545454545
2019,48,Bronx,101,Kingsbridge - Riverdale,0.015,4,2,0.061,0.008,0.010687500000000004,0.008,0.053,-0.006999999999999999,-0.004312499999999995,0,0.001,0.000,4.1666666666666665e-05,0.0,0.001,-0.015,-0.014958333333333332
2020,30,Bronx,101,Kingsbridge - Riverdale,0.015,10,3,0.286,0.007,0.020333333333333335,0.007,0.27899999999999997,-0.008,0.005333333333333336,0,0.010,0.000,0.0004333333333333333,0.0,0.01,-0.015,-0.014566666666666665
2014,38,Queens,401,Long Island City - Astoria,0.015,0,0,0.000,0.000,0.0,0.0,0.0,-0.015,-0.015,13,0.039,,0.004052631578947369,0.0,0.039,-0.015,-0.01094736842105263
2015,50,Queens,401,Long Island City - Astoria,0.015,0,0,0.000,0.000,0.0,0.0,0.0,-0.015,-0.015,2,0.031,0.000,0.0016400000000000004,0.0,0.031,-0.015,-0.013359999999999999
2016,235,Queens,401,Long Island City - Astoria,0.015,0,0,0.000,0.000,0.0,0.0,0.0,-0.015,-0.015,4,0.041,0.000,0.001685106382978724,0.0,0.041,-0.015,-0.013314893617021276
2017,150,Queens,401,Long Island City - Astoria,0.015,0,0,0.000,0.000,0.0,0.0,0.0,-0.015,-0.015,0,0.036,0.000,0.0007866666666666669,0.0,0.036,-0.015,-0.014213333333333333
2018,165,Queens,401,Long Island City - Astoria,0.015,0,0,0.000,0.000,0.0,0.0,0.0,-0.015,-0.015,1,0.029,0.000,0.0010848484848484852,0.0,0.029,-0.015,-0.013915151515151514
2019,165,Queens,401,Long Island City - Astoria,0.015,0,0,0.000,0.000,0.0,0.0,0.0,-0.015,-0.015,1,2.420,0.000,0.015612121212121199,0.0,2.42,-0.015,0.0006121212121211993
2020,203,Queens,401,Long Island City - Astoria,0.015,0,0,0.000,0.000,0.0,0.0,0.0,-0.015,-0.015,2,0.061,0.000,0.0016059113300492616,0.0,0.061,-0.015,-0.013394088669950737
2015,12,Manhattan,310,Lower Manhattan,0.015,0,0,0.000,0.000,0.0,0.0,0.0,-0.015,-0.015,0,0.000,0.000,0.0,0.0,0.0,-0.015,-0.015
2016,56,Manhattan,310,Lower Manhattan,0.015,0,0,0.000,0.000,0.0,0.0,0.0,-0.015,-0.015,0,0.001,0.000,1.785714285714286e-05,0.0,0.001,-0.015,-0.014982142857142857
2017,47,Manhattan,310,Lower Manhattan,0.015,0,0,0.000,0.000,0.0,0.0,0.0,-0.015,-0.015,0,0.006,0.000,0.00029787234042553197,0.0,0.006,-0.015,-0.014702127659574467
2018,22,Manhattan,310,Lower Manhattan,0.015,0,0,0.000,0.000,0.0,0.0,0.0,-0.015,-0.015,0,0.002,0.000,9.090909090909092e-05,0.0,0.002,-0.015,-0.014909090909090908
2019,32,Manhattan,310,Lower Manhattan,0.015,0,0,0.000,0.000,0.0,0.0,0.0,-0.015,-0.015,0,0.010,0.000,0.000375,0.0,0.01,-0.015,-0.014624999999999999
2020,37,Manhattan,310,Lower Manhattan,0.015,0,0,0.000,0.000,0.0,0.0,0.0,-0.015,-0.015,0,0.002,0.000,5.4054054054054054e-05,0.0,0.002,-0.015,-0.014945945945945945
2014,10,Bronx,102,Northeast Bronx,0.015,100,10,9.655,0.049,1.2178,0.0525,9.606,0.0375,1.2028,20,0.054,0.000,0.0081,0.0,0.054,-0.015,-0.0069
2015,19,Bronx,102,Northeast Bronx,0.015,100,19,6.182,0.039,0.45426315789473665,0.044,6.143000000000001,0.028999999999999998,0.43926315789473663,15,0.045,0.000,0.005157894736842105,0.0,0.045,-0.015,-0.009842105263157895
2016,73,Bronx,102,Northeast Bronx,0.015,100,73,0.333,0.019,0.042630136986301366,0.025,0.314,0.010000000000000002,0.027630136986301367,0,0.010,0.000,0.0005753424657534248,0.0,0.01,-0.015,-0.014424657534246575
2017,28,Bronx,102,Northeast Bronx,0.015,46,13,0.137,0.013,0.024821428571428578,0.015,0.12400000000000001,0.0,0.009821428571428578,0,0.004,0.000,0.00025,0.0,0.004,-0.015,-0.01475
2018,49,Bronx,102,Northeast Bronx,0.015,8,4,0.742,0.010,0.036408163265306104,0.011,0.732,-0.004,0.021408163265306104,2,0.018,0.000,0.0006938775510204082,0.0,0.018,-0.015,-0.01430612244897959
2019,22,Bronx,102,Northeast Bronx,0.015,9,2,0.496,0.008,0.04372727272727273,0.009,0.488,-0.006,0.028727272727272733,0,0.015,0.000,0.0011363636363636365,0.0,0.015,-0.015,-0.013863636363636363
2020,31,Bronx,102,Northeast Bronx,0.015,22,7,0.378,0.007,0.0317741935483871,0.007,0.371,-0.008,0.0167741935483871,0,0.013,0.000,0.0007741935483870968,0.0,0.013,-0.015,-0.014225806451612902
2014,16,Bronx,104,Pelham - Throgs Neck,0.015,100,16,5.508,0.048,0.6615625,0.062,5.46,0.047,0.6465625,12,0.039,0.000,0.006125000000000001,0.0005,0.039,-0.014499999999999999,-0.008874999999999997
2015,14,Bronx,104,Pelham - Throgs Neck,0.015,100,14,0.191,0.039,0.08899999999999998,0.0585,0.152,0.043500000000000004,0.07399999999999998,0,0.007,0.000,0.0019285714285714288,0.0005,0.007,-0.014499999999999999,-0.01307142857142857
2016,76,Bronx,104,Pelham - Throgs Neck,0.015,100,76,0.476,0.019,0.060947368421052625,0.0295,0.45699999999999996,0.014499999999999999,0.045947368421052626,0,0.013,0.000,0.0011973684210526319,0.0,0.013,-0.015,-0.013802631578947368
2017,58,Bronx,104,Pelham - Throgs Neck,0.015,58,34,0.247,0.013,0.044224137931034455,0.016,0.23399999999999999,0.0010000000000000009,0.029224137931034455,0,0.009,0.000,0.001017241379310345,0.0,0.009,-0.015,-0.013982758620689654
2018,50,Bronx,104,Pelham - Throgs Neck,0.015,20,10,1.249,0.010,0.07167999999999995,0.011,1.239,-0.004,0.05667999999999995,4,0.021,0.000,0.0013,0.0,0.021,-0.015,-0.0137
2019,68,Bronx,104,Pelham - Throgs Neck,0.015,25,17,5.924,0.008,0.1208823529411764,0.009,5.916,-0.006,0.1058823529411764,1,0.041,0.000,0.0014411764705882357,0.0,0.041,-0.015,-0.013558823529411764
2020,60,Bronx,104,Pelham - Throgs Neck,0.015,18,11,0.675,0.007,0.055850000000000045,0.007,0.668,-0.008,0.040850000000000046,3,0.018,0.000,0.0015166666666666668,0.0,0.018,-0.015,-0.013483333333333333
2016,22,Staten Island,501,Port Richmond,0.015,0,0,0.000,0.000,0.0,0.0,0.0,-0.015,-0.015,13,0.131,,0.011272727272727273,0.0,0.131,-0.015,-0.0037272727272727266
2017,21,Staten Island,501,Port Richmond,0.015,0,0,0.000,0.000,0.0,0.0,0.0,-0.015,-0.015,9,0.030,0.000,0.002523809523809524,0.0,0.03,-0.015,-0.012476190476190476
2018,24,Staten Island,501,Port Richmond,0.015,0,0,0.000,0.000,0.0,0.0,0.0,-0.015,-0.015,0,0.003,0.000,0.0003333333333333333,0.0,0.003,-0.015,-0.014666666666666666
2019,14,Staten Island,501,Port Richmond,0.015,0,0,0.000,0.000,0.0,0.0,0.0,-0.015,-0.015,0,0.015,0.000,0.0012142857142857144,0.0,0.015,-0.015,-0.013785714285714285
2020,16,Staten Island,501,Port Richmond,0.015,0,0,0.000,0.000,0.0,0.0,0.0,-0.015,-0.015,0,0.009,0.000,0.0006249999999999999,0.0,0.009,-0.015,-0.014374999999999999
2014,45,Queens,405,Ridgewood - Forest Hills,0.015,0,0,0.000,0.000,0.0,0.0,0.0,-0.015,-0.015,20,0.066,0.000,0.0074888888888888895,0.0,0.066,-0.015,-0.00751111111111111
2015,45,Queens,405,Ridgewood - Forest Hills,0.015,0,0,0.000,0.000,0.0,0.0,0.0,-0.015,-0.015,11,0.040,0.000,0.004333333333333335,0.0,0.04,-0.015,-0.010666666666666665
2016,187,Queens,405,Ridgewood - Forest Hills,0.015,0,0,0.000,0.000,0.0,0.0,0.0,-0.015,-0.015,5,0.573,0.000,0.005299465240641713,0.0,0.573,-0.015,-0.009700534759358287
2017,126,Queens,405,Ridgewood - Forest Hills,0.015,0,0,0.000,0.000,0.0,0.0,0.0,-0.015,-0.015,3,0.041,0.000,0.0018650793650793653,0.0,0.041,-0.015,-0.013134920634920635
2018,257,Queens,405,Ridgewood - Forest Hills,0.015,0,0,0.000,0.000,0.0,0.0,0.0,-0.015,-0.015,3,0.690,0.000,0.0045797665369649715,0.0,0.69,-0.015,-0.010420233463035028
2019,192,Queens,405,Ridgewood - Forest Hills,0.015,0,0,0.000,0.000,0.0,0.0,0.0,-0.015,-0.015,3,0.037,0.000,0.0015000000000000005,0.0,0.037,-0.015,-0.013499999999999998
2020,151,Queens,405,Ridgewood - Forest Hills,0.015,0,0,0.000,0.000,0.0,0.0,0.0,-0.015,-0.015,3,0.037,0.000,0.001874172185430464,0.0,0.037,-0.015,-0.013125827814569535
2015,10,Queens,410,Rockaway,0.015,0,0,0.000,0.000,0.0,0.0,0.0,-0.015,-0.015,10,0.065,0.000,0.0071,0.0,0.065,-0.015,-0.007899999999999999
2016,16,Queens,410,Rockaway,0.015,0,0,0.000,0.000,0.0,0.0,0.0,-0.015,-0.015,0,0.000,0.000,0.0,0.0,0.0,-0.015,-0.015
2017,23,Queens,410,Rockaway,0.015,0,0,0.000,0.000,0.0,0.0,0.0,-0.015,-0.015,0,0.011,0.000,0.0009130434782608695,0.0,0.011,-0.015,-0.01408695652173913
2018,24,Queens,410,Rockaway,0.015,0,0,0.000,0.000,0.0,0.0,0.0,-0.015,-0.015,0,0.011,0.000,0.0008333333333333334,0.0,0.011,-0.015,-0.014166666666666666
2019,32,Queens,410,Rockaway,0.015,0,0,0.000,0.000,0.0,0.0,0.0,-0.015,-0.015,3,0.043,0.000,0.0022812500000000003,0.0,0.043,-0.015,-0.01271875
2020,19,Queens,410,Rockaway,0.015,0,0,0.000,0.000,0.0,0.0,0.0,-0.015,-0.015,0,0.005,0.000,0.0002631578947368421,0.0,0.005,-0.015,-0.014736842105263158
2015,12,Staten Island,504,South Beach - Tottenville,0.015,0,0,0.000,0.000,0.0,0.0,0.0,-0.015,-0.015,0,0.002,0.000,0.00016666666666666666,0.0,0.002,-0.015,-0.014833333333333332
2016,58,Staten Island,504,South Beach - Tottenville,0.015,0,0,0.000,0.000,0.0,0.0,0.0,-0.015,-0.015,3,0.158,0.000,0.003172413793103448,0.0,0.158,-0.015,-0.011827586206896551
2017,37,Staten Island,504,South Beach - Tottenville,0.015,0,0,0.000,0.000,0.0,0.0,0.0,-0.015,-0.015,2,0.057,0.000,0.001675675675675676,0.0,0.057,-0.015,-0.013324324324324323
2018,77,Staten Island,504,South Beach - Tottenville,0.015,0,0,0.000,0.000,0.0,0.0,0.0,-0.015,-0.015,2,0.069,0.000,0.0016883116883116887,0.0,0.069,-0.015,-0.013311688311688311
2019,60,Staten Island,504,South Beach - Tottenville,0.015,0,0,0.000,0.000,0.0,0.0,0.0,-0.015,-0.015,0,0.013,,0.0005,0.0,0.013,-0.015,-0.014499999999999999
2020,28,Staten Island,504,South Beach - Tottenville,0.015,0,0,0.000,0.000,0.0,0.0,0.0,-0.015,-0.015,0,0.006,,0.00035714285714285714,0.0,0.006,-0.015,-0.014642857142857141
2016,52,Queens,409,Southeast Queens,0.015,0,0,0.000,0.000,0.0,0.0,0.0,-0.015,-0.015,3,0.028,0.000,0.0017115384615384614,0.0,0.028,-0.015,-0.013288461538461537
2017,40,Queens,409,Southeast Queens,0.015,0,0,0.000,0.000,0.0,0.0,0.0,-0.015,-0.015,5,0.061,0.000,0.0038500000000000006,0.0,0.061,-0.015,-0.011149999999999998
2018,37,Queens,409,Southeast Queens,0.015,0,0,0.000,0.000,0.0,0.0,0.0,-0.015,-0.015,5,0.017,0.000,0.0022972972972972977,0.0,0.017,-0.015,-0.012702702702702701
2019,58,Queens,409,Southeast Queens,0.015,0,0,0.000,,0.0,0.0,0.0,-0.015,-0.015,0,0.011,0.000,0.001206896551724138,0.0,0.011,-0.015,-0.013793103448275862
2020,49,Queens,409,Southeast Queens,0.015,0,0,0.000,0.000,0.0,0.0,0.0,-0.015,-0.015,6,0.059,0.000,0.0030816326530612244,0.0,0.059,-0.015,-0.011918367346938775
2014,12,Queens,407,Southwest Queens,0.015,0,0,0.000,0.000,0.0,0.0,0.0,-0.015,-0.015,0,0.013,,0.002,0.0,0.013,-0.015,-0.013
2015,11,Queens,407,Southwest Queens,0.015,0,0,0.000,0.000,0.0,0.0,0.0,-0.015,-0.015,0,0.001,0.000,9.090909090909092e-05,0.0,0.001,-0.015,-0.014909090909090908
2016,73,Queens,407,Southwest Queens,0.015,0,0,0.000,0.000,0.0,0.0,0.0,-0.015,-0.015,2,0.021,0.000,0.0017123287671232876,0.0,0.021,-0.015,-0.013287671232876712
2017,44,Queens,407,Southwest Queens,0.015,0,0,0.000,0.000,0.0,0.0,0.0,-0.015,-0.015,0,0.008,0.000,0.0006818181818181818,0.0,0.008,-0.015,-0.014318181818181818
2018,58,Queens,407,Southwest Queens,0.015,0,0,0.000,0.000,0.0,0.0,0.0,-0.015,-0.015,0,0.003,0.000,0.00018965517241379312,0.0,0.003,-0.015,-0.014810344827586206
2019,83,Queens,407,Southwest Queens,0.015,0,0,0.000,0.000,0.0,0.0,0.0,-0.015,-0.015,2,0.021,0.000,0.0010481927710843375,0.0,0.021,-0.015,-0.013951807228915663
2020,71,Queens,407,Southwest Queens,0.015,0,0,0.000,0.000,0.0,0.0,0.0,-0.015,-0.015,1,0.029,0.000,0.0008732394366197184,0.0,0.029,-0.015,-0.01412676056338028
2014,10,Staten Island,502,Stapleton - St. George,0.015,0,0,0.000,0.000,0.0,0.0,0.0,-0.015,-0.015,0,0.001,0.000,0.0002,0.0,0.001,-0.015,-0.014799999999999999
2016,52,Staten Island,502,Stapleton - St. George,0.015,0,0,0.000,0.000,0.0,0.0,0.0,-0.015,-0.015,0,0.008,0.000,0.0006346153846153846,0.0,0.008,-0.015,-0.014365384615384615
2017,27,Staten Island,502,Stapleton - St. George,0.015,0,0,0.000,0.000,0.0,0.0,0.0,-0.015,-0.015,0,0.001,0.000,3.7037037037037037e-05,0.0,0.001,-0.015,-0.014962962962962963
2018,50,Staten Island,502,Stapleton - St. George,0.015,0,0,0.000,0.000,0.0,0.0,0.0,-0.015,-0.015,6,0.024,0.000,0.0017400000000000002,0.0,0.024,-0.015,-0.01326
2019,41,Staten Island,502,Stapleton - St. George,0.015,0,0,0.000,0.000,0.0,0.0,0.0,-0.015,-0.015,0,0.002,0.000,0.0001951219512195122,0.0,0.002,-0.015,-0.014804878048780487
2020,29,Staten Island,502,Stapleton - St. George,0.015,0,0,0.000,0.000,0.0,0.0,0.0,-0.015,-0.015,0,0.006,0.000,0.0003448275862068966,0.0,0.006,-0.015,-0.014655172413793103
2014,10,Brooklyn,205,Sunset Park,0.015,0,0,0.006,0.003,0.0038000000000000004,0.003,0.003,-0.012,-0.011199999999999998,10,0.017,0.000,0.0033,0.0,0.017,-0.015,-0.011699999999999999
2016,57,Brooklyn,205,Sunset Park,0.015,0,0,0.006,0.001,0.002526315789473686,0.002,0.005,-0.013,-0.012473684210526314,1,0.020,0.000,0.0014210526315789477,0.0,0.02,-0.015,-0.013578947368421052
2017,34,Brooklyn,205,Sunset Park,0.015,0,0,0.006,0.001,0.001352941176470589,0.001,0.005,-0.013999999999999999,-0.01364705882352941,2,0.019,0.000,0.0008235294117647059,0.0,0.019,-0.015,-0.014176470588235294
2018,54,Brooklyn,205,Sunset Park,0.015,0,0,0.004,0.000,0.0007962962962962968,0.001,0.004,-0.013999999999999999,-0.014203703703703703,0,0.003,0.000,0.00014814814814814815,0.0,0.003,-0.015,-0.01485185185185185
2019,67,Brooklyn,205,Sunset Park,0.015,0,0,0.007,0.000,0.0010746268656716424,0.0,0.007,-0.015,-0.013925373134328357,4,0.038,0.000,0.0021641791044776123,0.0,0.038,-0.015,-0.012835820895522387
2020,38,Brooklyn,205,Sunset Park,0.015,0,0,0.006,0.000,0.0005263157894736842,0.0,0.006,-0.015,-0.014473684210526316,0,0.015,0.000,0.0007894736842105264,0.0,0.015,-0.015,-0.014210526315789474
2014,30,Manhattan,309,Union Square - Lower East Side,0.015,0,0,0.000,0.000,0.0,0.0,0.0,-0.015,-0.015,0,0.010,0.000,0.0006666666666666666,0.0,0.01,-0.015,-0.014333333333333333
2015,25,Manhattan,309,Union Square - Lower East Side,0.015,0,0,0.000,0.000,0.0,0.0,0.0,-0.015,-0.015,0,0.001,0.000,4e-05,0.0,0.001,-0.015,-0.01496
2016,224,Manhattan,309,Union Square - Lower East Side,0.015,0,0,0.000,0.000,0.0,0.0,0.0,-0.015,-0.015,0,0.279,0.000,0.0013750000000000001,0.0,0.279,-0.015,-0.013625
2017,134,Manhattan,309,Union Square - Lower East Side,0.015,0,0,0.000,0.000,0.0,0.0,0.0,-0.015,-0.015,0,0.032,0.000,0.0005,0.0,0.032,-0.015,-0.014499999999999999
2018,123,Manhattan,309,Union Square - Lower East Side,0.015,0,0,0.000,0.000,0.0,0.0,0.0,-0.015,-0.015,0,0.046,0.000,0.0005853658536585366,0.0,0.046,-0.015,-0.014414634146341462
2019,131,Manhattan,309,Union Square - Lower East Side,0.015,0,0,0.000,0.000,0.0,0.0,0.0,-0.015,-0.015,0,0.023,0.000,0.0003435114503816795,0.0,0.023,-0.015,-0.01465648854961832
2020,112,Manhattan,309,Union Square - Lower East Side,0.015,0,0,0.000,0.000,0.0,0.0,0.0,-0.015,-0.015,0,0.007,0.000,0.00012500000000000003,0.0,0.007,-0.015,-0.014875
2014,40,Manhattan,305,Upper East Side,0.015,0,0,0.000,0.000,0.0,0.0,0.0,-0.015,-0.015,0,0.006,0.000,0.0004,0.0,0.006,-0.015,-0.0146
2015,27,Manhattan,305,Upper East Side,0.015,0,0,0.000,0.000,0.0,0.0,0.0,-0.015,-0.015,0,0.008,0.000,0.0002962962962962963,0.0,0.008,-0.015,-0.014703703703703703
2016,165,Manhattan,305,Upper East Side,0.015,0,0,0.000,0.000,0.0,0.0,0.0,-0.015,-0.015,0,0.011,0.000,0.00021212121212121215,0.0,0.011,-0.015,-0.014787878787878787
2017,130,Manhattan,305,Upper East Side,0.015,0,0,0.000,0.000,0.0,0.0,0.0,-0.015,-0.015,0,0.018,0.000,0.0004307692307692308,0.0,0.018,-0.015,-0.014569230769230768
2018,103,Manhattan,305,Upper East Side,0.015,0,0,0.000,0.000,0.0,0.0,0.0,-0.015,-0.015,0,0.004,0.000,0.00013592233009708738,0.0,0.004,-0.015,-0.014864077669902913
2019,107,Manhattan,305,Upper East Side,0.015,0,0,0.000,0.000,0.0,0.0,0.0,-0.015,-0.015,0,0.010,0.000,0.000383177570093458,0.0,0.01,-0.015,-0.01461682242990654
2020,82,Manhattan,305,Upper East Side,0.015,0,0,0.000,0.000,0.0,0.0,0.0,-0.015,-0.015,0,0.003,0.000,7.317073170731707e-05,0.0,0.003,-0.015,-0.014926829268292682
2014,75,Manhattan,304,Upper West Side,0.015,0,0,0.000,0.000,0.0,0.0,0.0,-0.015,-0.015,1,0.047,0.000,0.0009866666666666667,0.0,0.047,-0.015,-0.014013333333333333
2015,59,Manhattan,304,Upper West Side,0.015,0,0,0.000,0.000,0.0,0.0,0.0,-0.015,-0.015,0,0.002,0.000,8.474576271186441e-05,0.0,0.002,-0.015,-0.014915254237288135
2016,417,Manhattan,304,Upper West Side,0.015,0,0,0.000,0.000,0.0,0.0,0.0,-0.015,-0.015,1,0.075,,0.0007793764988009592,0.0,0.075,-0.015,-0.01422062350119904
2017,224,Manhattan,304,Upper West Side,0.015,0,0,0.000,0.000,0.0,0.0,0.0,-0.015,-0.015,0,0.093,0.000,0.0006651785714285716,0.0,0.093,-0.015,-0.014334821428571428
2018,229,Manhattan,304,Upper West Side,0.015,0,0,0.000,0.000,0.0,0.0,0.0,-0.015,-0.015,0,0.021,0.000,0.0003973799126637556,0.0,0.021,-0.015,-0.014602620087336244
2019,237,Manhattan,304,Upper West Side,0.015,0,0,0.000,0.000,0.0,0.0,0.0,-0.015,-0.015,0,0.003,0.000,0.00013080168776371314,0.0,0.003,-0.015,-0.014869198312236286
2020,188,Manhattan,304,Upper West Side,0.015,0,0,0.000,0.000,0.0,0.0,0.0,-0.015,-0.015,1,0.061,0.000,0.0006010638297872341,0.0,0.061,-0.015,-0.014398936170212765
2014,31,Manhattan,301,Washington Heights - Inwood,0.015,0,0,0.000,0.000,0.0,0.0,0.0,-0.015,-0.015,0,0.001,0.000,9.67741935483871e-05,0.0,0.001,-0.015,-0.014903225806451613
2015,28,Manhattan,301,Washington Heights - Inwood,0.015,0,0,0.000,0.000,0.0,0.0,0.0,-0.015,-0.015,3,0.023,0.000,0.001107142857142857,0.0,0.023,-0.015,-0.013892857142857143
2016,216,Manhattan,301,Washington Heights - Inwood,0.015,0,0,0.000,0.000,0.0,0.0,0.0,-0.015,-0.015,0,0.009,,7.407407407407407e-05,0.0,0.009,-0.015,-0.014925925925925926
2017,174,Manhattan,301,Washington Heights - Inwood,0.015,0,0,0.000,0.000,0.0,0.0,0.0,-0.015,-0.015,0,0.007,0.000,0.00015517241379310349,0.0,0.007,-0.015,-0.014844827586206895
2018,136,Manhattan,301,Washington Heights - Inwood,0.015,0,0,0.000,0.000,0.0,0.0,0.0,-0.015,-0.015,0,0.015,0.000,0.00025,0.0,0.015,-0.015,-0.01475
2019,155,Manhattan,301,Washington Heights - Inwood,0.015,0,0,0.000,0.000,0.0,0.0,0.0,-0.015,-0.015,0,0.012,0.000,0.0002903225806451613,0.0,0.012,-0.015,-0.014709677419354838
2020,108,Manhattan,301,Washington Heights - Inwood,0.015,0,0,0.000,0.000,0.0,0.0,0.0,-0.015,-0.015,0,0.004,0.000,0.00011111111111111112,0.0,0.004,-0.015,-0.014888888888888889
2014,37,Queens,402,West Queens,0.015,0,0,0.000,0.000,0.0,0.0,0.0,-0.015,-0.015,5,0.036,0.000,0.0030270270270270276,0.0,0.036,-0.015,-0.011972972972972971
2015,32,Queens,402,West Queens,0.015,0,0,0.000,0.000,0.0,0.0,0.0,-0.015,-0.015,3,0.027,0.000,0.0015312499999999998,0.0,0.027,-0.015,-0.01346875
2016,143,Queens,402,West Queens,0.015,0,0,0.000,0.000,0.0,0.0,0.0,-0.015,-0.015,2,0.038,0.000,0.001468531468531469,0.0,0.038,-0.015,-0.01353146853146853
2017,111,Queens,402,West Queens,0.015,0,0,0.000,0.000,0.0,0.0,0.0,-0.015,-0.015,1,0.035,0.000,0.0013603603603603608,0.0,0.035,-0.015,-0.013639639639639638
2018,137,Queens,402,West Queens,0.015,0,0,0.000,0.000,0.0,0.0,0.0,-0.015,-0.015,0,0.048,0.000,0.0012627737226277378,0.0,0.048,-0.015,-0.013737226277372262
2019,171,Queens,402,West Queens,0.015,0,0,0.000,0.000,0.0,0.0,0.0,-0.015,-0.015,0,0.008,0.000,0.0005146198830409359,0.0,0.008,-0.015,-0.014485380116959063
2020,147,Queens,402,West Queens,0.015,0,0,0.000,0.000,0.0,0.0,0.0,-0.015,-0.015,2,0.037,0.000,0.0008231292517006804,0.0,0.037,-0.015,-0.01417687074829932
2014,24,Brooklyn,211,Williamsburg - Bushwick,0.015,0,0,0.007,0.003,0.0036666666666666683,0.003,0.004,-0.012,-0.01133333333333333,4,0.088,0.000,0.004875,0.0,0.088,-0.015,-0.010124999999999999
2015,36,Brooklyn,211,Williamsburg - Bushwick,0.015,0,0,0.006,0.002,0.0030277777777777794,0.003,0.004,-0.012,-0.011972222222222221,0,0.012,0.000,0.0011944444444444446,0.0,0.012,-0.015,-0.013805555555555555
2016,147,Brooklyn,211,Williamsburg - Bushwick,0.015,0,0,0.007,0.001,0.002510204081632655,0.002,0.006,-0.013,-0.012489795918367345,3,0.040,0.000,0.0016734693877551027,0.0,0.04,-0.015,-0.013326530612244897
2017,111,Brooklyn,211,Williamsburg - Bushwick,0.015,0,0,0.007,0.001,0.0017387387387387398,0.001,0.006,-0.013999999999999999,-0.013261261261261259,2,1.519,0.000,0.014765765765765757,0.0,1.519,-0.015,-0.00023423423423424294
2018,157,Brooklyn,211,Williamsburg - Bushwick,0.015,0,0,0.006,0.000,0.0012292993630573256,0.001,0.006,-0.013999999999999999,-0.013770700636942674,1,0.028,0.000,0.0008980891719745225,0.0,0.028,-0.015,-0.014101910828025477
2019,143,Brooklyn,211,Williamsburg - Bushwick,0.015,0,0,0.006,0.000,0.0005104895104895107,0.0,0.006,-0.015,-0.014489510489510488,2,0.029,0.000,0.0007692307692307693,0.0,0.029,-0.015,-0.01423076923076923
2020,142,Brooklyn,211,Williamsburg - Bushwick,0.015,0,0,0.006,0.000,0.0006760563380281693,0.0,0.006,-0.015,-0.01432394366197183,0,0.016,0.000,0.0007183098591549298,0.0,0.016,-0.015,-0.01428169014084507
2016,22,Staten Island,503,Willowbrook,0.015,0,0,0.000,0.000,0.0,0.0,0.0,-0.015,-0.015,0,0.012,0.000,0.001090909090909091,0.0,0.012,-0.015,-0.01390909090909091
2017,15,Staten Island,503,Willowbrook,0.015,0,0,0.000,0.000,0.0,0.0,0.0,-0.015,-0.015,0,0.007,0.000,0.00046666666666666666,0.0,0.007,-0.015,-0.014533333333333332
2018,59,Staten Island,503,Willowbrook,0.015,0,0,0.000,0.000,0.0,0.0,0.0,-0.015,-0.015,1,0.024,0.000,0.0005254237288135593,0.0,0.024,-0.015,-0.01447457627118644
2019,31,Staten Island,503,Willowbrook,0.015,0,0,0.000,0.000,0.0,0.0,0.0,-0.015,-0.015,0,0.012,0.000,0.0007096774193548389,0.0,0.012,-0.015,-0.01429032258064516
2020,20,Staten Island,503,Willowbrook,0.015,0,0,0.000,0.000,0.0,0.0,0.0,-0.015,-0.015,0,0.008,0.000,0.00075,0.0,0.008,-0.015,-0.014249999999999999
